0.601789, 0.0165985, 0.0228757, 0.0019344, 0.229902, 0.021265, 0.105635, 0.0, 
0.52237, 0.0299115, 0.0858084, 0.105111, 0.24164, 0.0151593, 0.0, 0.0, 
0.0660436, 0.535442, 0.064871, 0.0326597, 0.0162776, 0.248665, 0.0360413, 0.0, 
0.863879, 0.0259915, 0.0529128, 0.0471237, 0.0100926, 0.0, 0.0, 0.0, 
0.793489, 0.054828, 0.0315619, 0.0446538, 0.0754676, 0.0, 0.0, 0.0, 
0.099655, 0.840258, 0.0268891, 0.0050153, 0.0281823, 0.0, 0.0, 0.0, 
0.383946, 0.403042, 0.0551312, 0.111125, 0.0039531, 0.0039014, 0.0389007, 0.0, 
0.0491839, 0.0442016, 0.354375, 0.197284, 0.215349, 0.139606, 0.0, 0.0, 
0.0061591, 0.187638, 0.15756, 0.0303291, 0.573014, 0.023866, 0.0191814, 0.0022524, 
0.0318713, 0.0535349, 0.914594, 0.0, 0.0, 0.0, 0.0, 0.0, 
0.038554, 0.0637491, 0.869404, 0.0282925, 0.0, 0.0, 0.0, 0.0, 
0.115969, 0.0070469, 0.109607, 0.0739955, 0.0594771, 0.120725, 0.305216, 0.207963, 
0.015053, 0.10329, 0.0104134, 0.0154022, 0.844911, 0.0109307, 0.0, 0.0, 
0.0239716, 0.113268, 0.0309048, 0.0491211, 0.0458815, 0.490194, 0.173834, 0.072824, 
0.0071435, 0.0352997, 0.957557, 0.0, 0.0, 0.0, 0.0, 0.0, 
0.0422676, 0.0561683, 0.0170298, 0.065989, 0.0399603, 0.778585, 0.0, 0.0, 
0.386247, 0.0340059, 0.0673342, 0.09111, 0.0523033, 0.250503, 0.0787578, 0.0397387, 
0.195689, 0.0200127, 0.126463, 0.0120914, 0.0126982, 0.579531, 0.0249222, 0.0285929, 
0.406453, 0.0144996, 0.0553882, 0.0266446, 0.110156, 0.361439, 0.0151142, 0.0103055, 
0.174147, 0.0302995, 0.486698, 0.0571353, 0.0464494, 0.0153572, 0.153735, 0.036179, 
0.293264, 0.0165292, 0.117534, 0.0777097, 0.011824, 0.172, 0.222047, 0.0890919, 
0.233271, 0.0252937, 0.141889, 0.0775149, 0.271939, 0.031257, 0.0812246, 0.137611, 
0.359209, 0.0092629, 0.0622935, 0.0192364, 0.168455, 0.288723, 0.0085895, 0.0842309, 
0.0620647, 0.0666448, 0.140325, 0.127151, 0.0022018, 0.147461, 0.139347, 0.314804, 
0.382396, 0.0999302, 0.0064624, 0.0359474, 0.013349, 0.411099, 0.0215976, 0.0292181, 
0.265315, 0.210982, 0.0701579, 0.131713, 0.0618672, 0.203617, 0.0114344, 0.0449126, 
0.148128, 0.0556284, 0.0863414, 0.0377793, 0.609722, 0.0396547, 0.0116102, 0.011136, 
0.122081, 0.0590637, 0.227734, 0.362076, 0.144966, 0.0328273, 0.0466107, 0.004641, 
0.0189692, 0.0395935, 0.148394, 0.0289165, 0.0101457, 0.038096, 0.635283, 0.0806026, 
0.237476, 0.091801, 0.177159, 0.0270068, 0.0511994, 0.135948, 0.122827, 0.156584, 
0.150506, 0.0282389, 0.071462, 0.238059, 0.0294131, 0.139809, 0.284099, 0.0584131, 
0.0923625, 0.137939, 0.0383065, 0.0840411, 0.0108082, 0.139501, 0.435242, 0.0617994, 
0.0167532, 0.175498, 0.221283, 0.120239, 0.0489881, 0.257519, 0.159719, 0.0, 
0.242236, 0.003323, 0.047266, 0.0182073, 0.04295, 0.0901019, 0.473517, 0.0823987, 
0.197831, 0.0610667, 0.0177648, 0.081257, 0.105553, 0.307188, 0.0408432, 0.188496, 
0.125, 0.125, 0.125, 0.125, 0.125, 0.125, 0.125, 0.125, 
0.306081, 0.149589, 0.0718027, 0.0826076, 0.0406027, 0.303415, 0.0459023, 0.0, 
0.628197, 0.109866, 0.0131642, 0.0084893, 0.00431, 0.0794932, 0.0072508, 0.14923, 
0.232405, 0.0319571, 0.0554107, 0.107619, 0.0190578, 0.196266, 0.0475899, 0.309695, 
0.188396, 0.0329865, 0.200818, 0.11255, 0.0223145, 0.270077, 0.153853, 0.0190064, 
0.362648, 0.109603, 0.0334975, 0.0278723, 0.0935716, 0.0410113, 0.322891, 0.0089056, 
0.690992, 0.0190547, 0.0733961, 0.017618, 0.0297869, 0.0245065, 0.0593999, 0.0852463, 
0.0303363, 0.0430246, 0.207966, 0.152515, 0.0951315, 0.348814, 0.0918447, 0.0303674, 
0.289942, 0.122894, 0.0771945, 0.208151, 0.0495791, 0.0270213, 0.170209, 0.0550094, 
0.200515, 0.0788794, 0.125405, 0.127244, 0.0038243, 0.222189, 0.126222, 0.115722, 
0.0384698, 0.217863, 0.0481673, 0.250059, 0.0191033, 0.170514, 0.255824, 0.0, 
0.532397, 0.0402191, 0.0218996, 0.129847, 0.0258298, 0.0277662, 0.150712, 0.0713291, 
0.203929, 0.024987, 0.185307, 0.0635428, 0.0799535, 0.297277, 0.0128855, 0.132118, 
0.0760343, 0.123953, 0.178859, 0.0314487, 0.119431, 0.115478, 0.354795, 0.0, 
0.589442, 0.110111, 0.0371301, 0.0184397, 0.0105589, 0.171686, 0.0608365, 0.0017962, 
0.113329, 0.0886227, 0.0416642, 0.0327406, 0.136955, 0.109685, 0.356322, 0.120682, 
0.177686, 0.147762, 0.243825, 0.041031, 0.117069, 0.124854, 0.0367206, 0.111051, 
0.125, 0.125, 0.125, 0.125, 0.125, 0.125, 0.125, 0.125, 
0.469249, 0.027161, 0.0196682, 0.0134611, 0.212073, 0.0205843, 0.107168, 0.130634, 
0.610544, 0.0604294, 0.0477958, 0.0423817, 0.0160687, 0.0796494, 0.0459038, 0.0972277, 
0.722766, 0.0068474, 0.167951, 0.0424681, 0.0335327, 0.0264351, 0.0, 0.0, 
0.0730039, 0.320533, 0.0499529, 0.271841, 0.0705791, 0.163636, 0.0504535, 0.0, 
0.512647, 0.0895041, 0.17124, 0.0184399, 0.0132987, 0.117352, 0.0096235, 0.067894, 
0.631932, 0.0487576, 0.0101533, 0.0146786, 0.162656, 0.0211815, 0.0914311, 0.01921, 
0.505592, 0.12669, 0.0241627, 0.0543836, 0.0054212, 0.0449559, 0.192733, 0.0460611, 
0.418894, 0.0242696, 0.112362, 0.0980417, 0.0790167, 0.0967349, 0.0546696, 0.116012, 
0.549098, 0.0163307, 0.0113056, 0.0222007, 0.005995, 0.145277, 0.141163, 0.10863, 
0.125, 0.125, 0.125, 0.125, 0.125, 0.125, 0.125, 0.125, 
0.435147, 0.224929, 0.0532812, 0.056335, 0.0100362, 0.00511, 0.196267, 0.0188946, 
0.125, 0.125, 0.125, 0.125, 0.125, 0.125, 0.125, 0.125, 
0.689065, 0.0241662, 0.0396641, 0.0227535, 0.0514493, 0.077254, 0.0411816, 0.0544664, 
0.291158, 0.0437987, 0.0300187, 0.131504, 0.0461835, 0.0056786, 0.296837, 0.154822, 
0.10767, 0.0130906, 0.0960381, 0.221386, 0.141485, 0.322181, 0.0880185, 0.0101308, 
0.445206, 0.039218, 0.0723106, 0.0709927, 0.0300189, 0.0411505, 0.265656, 0.0354475, 
0.231039, 0.0585776, 0.0292166, 0.0498019, 0.0949781, 0.0071275, 0.219434, 0.309826, 
0.616464, 0.052406, 0.0209225, 0.0253475, 0.0158744, 0.0722412, 0.172464, 0.0242799, 
0.040366, 0.202023, 0.0208261, 0.0735398, 0.0272375, 0.0532015, 0.540187, 0.0426199, 
0.152883, 0.122737, 0.0160061, 0.0496857, 0.0213403, 0.527343, 0.060868, 0.0491369, 
0.398204, 0.0968014, 0.0337607, 0.463071, 0.0081631, 0.0, 0.0, 0.0, 
0.312213, 0.0319029, 0.0845798, 0.281944, 0.0493943, 0.0242001, 0.203526, 0.01224, 
0.335533, 0.0203298, 0.0237395, 0.0125273, 0.0178186, 0.0300676, 0.3653, 0.194684, 
0.219218, 0.145496, 0.0787237, 0.0322831, 0.138968, 0.121861, 0.263451, 0.0, 
0.439935, 0.0022794, 0.0774947, 0.0137585, 0.419423, 0.0149665, 0.0159531, 0.0161903, 
0.482692, 0.0132152, 0.0649532, 0.0020229, 0.0145649, 0.046998, 0.296947, 0.0786061, 
0.414076, 0.0333005, 0.0243349, 0.231844, 0.0236267, 0.0605243, 0.203475, 0.008818, 
0.0887098, 0.0131059, 0.0710648, 0.278457, 0.195458, 0.0248635, 0.0317824, 0.296559, 
0.421997, 0.139165, 0.0396094, 0.123482, 0.0355439, 0.140361, 0.07331, 0.0265326, 
0.330332, 0.0130688, 0.106625, 0.0776779, 0.0394308, 0.154253, 0.0194025, 0.25921, 
0.163145, 0.0678343, 0.0125177, 0.335832, 0.0511854, 0.0450755, 0.250964, 0.0734461, 
0.0068821, 0.0486431, 0.0614999, 0.225792, 0.0310468, 0.266077, 0.268934, 0.091126, 
0.498435, 0.0196684, 0.0143067, 0.0613475, 0.10142, 0.0205201, 0.238623, 0.045679, 
0.518271, 0.0324575, 0.042647, 0.0371294, 0.125104, 0.139577, 0.01074, 0.0940737, 
0.188423, 0.26002, 0.0594861, 0.0100273, 0.155376, 0.297489, 0.0291781, 0.0, 
0.174926, 0.0518284, 0.0333634, 0.0086251, 0.524002, 0.0203937, 0.186861, 0.0, 
0.125, 0.125, 0.125, 0.125, 0.125, 0.125, 0.125, 0.125, 
0.125, 0.125, 0.125, 0.125, 0.125, 0.125, 0.125, 0.125, 
0.078603, 0.173291, 0.128117, 0.0149983, 0.140484, 0.230085, 0.227479, 0.0069434, 
0.515069, 0.0155567, 0.0860178, 0.0223298, 0.0891689, 0.0324139, 0.239444, 0.0, 
0.268895, 0.0893956, 0.0237796, 0.0724648, 0.205727, 0.139529, 0.0863439, 0.113865, 
0.25, 0.25, 0.25, 0.25, 0.0, 0.0, 0.0, 0.0, 
0.68736, 0.013673, 0.0333842, 0.0124568, 0.0034163, 0.0090938, 0.208065, 0.0325513, 
0.514003, 0.0441866, 0.0419444, 0.020789, 0.0575744, 0.0127734, 0.255339, 0.0533907, 
0.349762, 0.0370593, 0.159633, 0.0156504, 0.0162724, 0.0570649, 0.0130887, 0.351469, 
0.125, 0.125, 0.125, 0.125, 0.125, 0.125, 0.125, 0.125, 
0.0205377, 0.19183, 0.180908, 0.0644846, 0.0342448, 0.411806, 0.0961886, 0.0, 
0.145934, 0.119833, 0.0748018, 0.250132, 0.0248596, 0.106168, 0.0422978, 0.235974, 
0.749367, 0.0348665, 0.0099549, 0.0227949, 0.0081349, 0.115764, 0.0040276, 0.0550896, 
0.461053, 0.0887462, 0.0266974, 0.0528055, 0.005062, 0.0722112, 0.272136, 0.0212887, 
0.0760922, 0.0981753, 0.156902, 0.0052338, 0.0881258, 0.575471, 0.0, 0.0, 
0.821686, 0.0126758, 0.0410063, 0.0196204, 0.0148001, 0.0392697, 0.0509414, 0.0, 
0.125, 0.125, 0.125, 0.125, 0.125, 0.125, 0.125, 0.125, 
0.296952, 0.0887665, 0.026712, 0.275779, 0.0086353, 0.303155, 0.0, 0.0, 
0.125, 0.125, 0.125, 0.125, 0.125, 0.125, 0.125, 0.125, 
0.125, 0.125, 0.125, 0.125, 0.125, 0.125, 0.125, 0.125, 
0.469832, 0.0144313, 0.0569518, 0.0041504, 0.0285245, 0.0135976, 0.270804, 0.141708, 
0.0712386, 0.0499339, 0.119116, 0.0316748, 0.10124, 0.469102, 0.129557, 0.0281376, 
0.640624, 0.003851, 0.105808, 0.0035171, 0.0242714, 0.077676, 0.103684, 0.0405687, 
0.0722636, 0.0250379, 0.0120774, 0.193541, 0.0859446, 0.0957017, 0.0172068, 0.498227, 
0.542237, 0.0312281, 0.060309, 0.0538853, 0.0249922, 0.0777119, 0.084063, 0.125574, 
0.716991, 0.0140638, 0.0166562, 0.0151587, 0.0173279, 0.0053386, 0.0214351, 0.193028, 
0.473165, 0.0200417, 0.0897476, 0.0432467, 0.167815, 0.0407241, 0.146444, 0.018815, 
0.822511, 0.007863, 0.0045277, 0.0655858, 0.0174387, 0.0191307, 0.0415178, 0.0214257, 
0.773315, 0.0152895, 0.0434814, 0.0187763, 0.0056044, 0.0102234, 0.0572452, 0.0760648, 
0.125, 0.125, 0.125, 0.125, 0.125, 0.125, 0.125, 0.125, 
0.125, 0.125, 0.125, 0.125, 0.125, 0.125, 0.125, 0.125, 
0.706154, 0.0625137, 0.0509787, 0.0676491, 0.0307182, 0.0335093, 0.0331969, 0.0152804, 
0.125, 0.125, 0.125, 0.125, 0.125, 0.125, 0.125, 0.125, 
0.125, 0.125, 0.125, 0.125, 0.125, 0.125, 0.125, 0.125, 
0.641411, 0.0598739, 0.0111258, 0.050327, 0.0153075, 0.0756536, 0.0366859, 0.109616, 
0.428002, 0.0819868, 0.0685325, 0.0086934, 0.0505626, 0.0167567, 0.336842, 0.0086245, 
0.236261, 0.0337738, 0.136859, 0.0242862, 0.0285647, 0.395659, 0.0980795, 0.0465166, 
0.153561, 0.0421986, 0.015341, 0.294413, 0.15658, 0.0576503, 0.0670097, 0.213246, 
0.125, 0.125, 0.125, 0.125, 0.125, 0.125, 0.125, 0.125, 
0.125, 0.125, 0.125, 0.125, 0.125, 0.125, 0.125, 0.125, 
0.125, 0.125, 0.125, 0.125, 0.125, 0.125, 0.125, 0.125, 
0.549577, 0.0338473, 0.0105556, 0.0032857, 0.0318314, 0.0295448, 0.341358, 0.0, 
0.471221, 0.0273234, 0.021594, 0.0733359, 0.0124925, 0.0376628, 0.297549, 0.0588213, 
0.525559, 0.014441, 0.0571062, 0.0073395, 0.0679427, 0.14979, 0.0079908, 0.16983, 
0.118261, 0.144345, 0.0066574, 0.21384, 0.0768234, 0.231372, 0.0551886, 0.153512, 
0.664522, 0.106331, 0.0396781, 0.0068941, 0.0371792, 0.0424798, 0.102916, 0.0, 
0.331032, 0.0237374, 0.207019, 0.0778564, 0.0105325, 0.0920804, 0.224227, 0.0335153, 
0.203991, 0.194296, 0.0365119, 0.0147598, 0.322139, 0.0729199, 0.155383, 0.0, 
0.125, 0.125, 0.125, 0.125, 0.125, 0.125, 0.125, 0.125, 
0.125, 0.125, 0.125, 0.125, 0.125, 0.125, 0.125, 0.125, 
0.125, 0.125, 0.125, 0.125, 0.125, 0.125, 0.125, 0.125, 
0.125, 0.125, 0.125, 0.125, 0.125, 0.125, 0.125, 0.125, 
0.125, 0.125, 0.125, 0.125, 0.125, 0.125, 0.125, 0.125, 
0.659979, 0.0905446, 0.0220461, 0.0160156, 0.145619, 0.0141218, 0.0031373, 0.0485363, 
0.125, 0.125, 0.125, 0.125, 0.125, 0.125, 0.125, 0.125, 
0.571552, 0.0532166, 0.0129254, 0.01989, 0.018369, 0.0083284, 0.0377169, 0.278002, 
0.224596, 0.0333313, 0.0260545, 0.0227261, 0.106362, 0.0235437, 0.563387, 0.0, 
0.494292, 0.0440817, 0.131655, 0.0068061, 0.120415, 0.127219, 0.0755314, 0.0, 
0.125, 0.125, 0.125, 0.125, 0.125, 0.125, 0.125, 0.125, 
0.125, 0.125, 0.125, 0.125, 0.125, 0.125, 0.125, 0.125, 
0.125, 0.125, 0.125, 0.125, 0.125, 0.125, 0.125, 0.125, 
0.673317, 0.0507935, 0.0757033, 0.0137795, 0.0270216, 0.0192598, 0.126696, 0.0134296, 
0.032627, 0.0279196, 0.150483, 0.0205214, 0.158266, 0.272346, 0.306637, 0.0311993, 
0.973005, 0.0082889, 0.0107978, 0.007908, 0.0, 0.0, 0.0, 0.0, 
0.977476, 0.0053631, 0.0086928, 0.0084685, 0.0, 0.0, 0.0, 0.0, 
0.850701, 0.0111122, 0.0162581, 0.0177178, 0.0393299, 0.0261601, 0.012765, 0.0259561, 
0.230729, 0.0503477, 0.0144305, 0.134569, 0.2742, 0.0795273, 0.162207, 0.0539891, 
0.125, 0.125, 0.125, 0.125, 0.125, 0.125, 0.125, 0.125, 
0.125, 0.125, 0.125, 0.125, 0.125, 0.125, 0.125, 0.125, 
0.125, 0.125, 0.125, 0.125, 0.125, 0.125, 0.125, 0.125, 
0.125, 0.125, 0.125, 0.125, 0.125, 0.125, 0.125, 0.125, 
0.125, 0.125, 0.125, 0.125, 0.125, 0.125, 0.125, 0.125, 
0.535491, 0.102172, 0.0154064, 0.0795506, 0.0281464, 0.200423, 0.0388107, 0.0, 
0.729007, 0.0153896, 0.0386746, 0.0125237, 0.0119733, 0.0680027, 0.0252884, 0.0991409, 
0.125, 0.125, 0.125, 0.125, 0.125, 0.125, 0.125, 0.125, 
0.0431444, 0.247726, 0.0205902, 0.0777633, 0.373587, 0.0508238, 0.186365, 0.0, 
0.125, 0.125, 0.125, 0.125, 0.125, 0.125, 0.125, 0.125, 
0.638956, 0.0527788, 0.0649383, 0.0101825, 0.104932, 0.060288, 0.0679238, 0.0, 
0.214596, 0.120129, 0.0321847, 0.0185173, 0.0363694, 0.37213, 0.0023613, 0.203713, 
0.0125282, 0.0289861, 0.0608929, 0.195615, 0.0159973, 0.0926262, 0.586488, 0.0068664, 
0.809252, 0.0308566, 0.0204141, 0.0046222, 0.0151552, 0.11046, 0.0092408, 0.0, 
0.165424, 0.0471421, 0.224393, 0.113115, 0.302468, 0.0514086, 0.0273417, 0.0687072, 
0.0525148, 0.234319, 0.147729, 0.0393736, 0.011975, 0.393694, 0.0676792, 0.0527153, 
0.159082, 0.0451879, 0.0996538, 0.0424386, 0.0630729, 0.289269, 0.301296, 0.0, 
0.448147, 0.0837761, 0.163166, 0.0276186, 0.0356313, 0.091408, 0.12222, 0.0280322, 
0.125, 0.125, 0.125, 0.125, 0.125, 0.125, 0.125, 0.125, 
0.125, 0.125, 0.125, 0.125, 0.125, 0.125, 0.125, 0.125, 
0.125, 0.125, 0.125, 0.125, 0.125, 0.125, 0.125, 0.125, 
0.181058, 0.227479, 0.096898, 0.133922, 0.0403563, 0.0283009, 0.0844326, 0.207553, 
0.176745, 0.16293, 0.055207, 0.120839, 0.0794719, 0.0281015, 0.376705, 0.0, 
0.804322, 0.0602127, 0.0206152, 0.0194879, 0.007136, 0.0619345, 0.0218867, 0.0044048, 
0.125, 0.125, 0.125, 0.125, 0.125, 0.125, 0.125, 0.125, 
0.125, 0.125, 0.125, 0.125, 0.125, 0.125, 0.125, 0.125, 
0.733869, 0.038444, 0.026254, 0.0163345, 0.185098, 0.0, 0.0, 0.0, 
0.697937, 0.0210988, 0.0323421, 0.0179786, 0.0244292, 0.117762, 0.0884528, 0.0, 
0.125, 0.125, 0.125, 0.125, 0.125, 0.125, 0.125, 0.125, 
0.125, 0.125, 0.125, 0.125, 0.125, 0.125, 0.125, 0.125, 
0.955529, 0.0211619, 0.0221033, 0.0012056, 0.0, 0.0, 0.0, 0.0, 
0.721265, 0.0128606, 0.0191348, 0.0084212, 0.0203008, 0.0661827, 0.0069115, 0.144923, 
0.125, 0.125, 0.125, 0.125, 0.125, 0.125, 0.125, 0.125, 
0.125, 0.125, 0.125, 0.125, 0.125, 0.125, 0.125, 0.125, 
0.918381, 0.0031359, 0.0067105, 0.0204241, 0.024574, 0.0220321, 0.0047425, 0.0, 
0.403825, 0.0058421, 0.153443, 0.0319721, 0.0507637, 0.354155, 0.0, 0.0, 
0.125, 0.125, 0.125, 0.125, 0.125, 0.125, 0.125, 0.125, 
0.703341, 0.016874, 0.0351995, 0.0150971, 0.0127805, 0.213126, 0.0035819, 0.0, 
0.125, 0.125, 0.125, 0.125, 0.125, 0.125, 0.125, 0.125, 
0.125, 0.125, 0.125, 0.125, 0.125, 0.125, 0.125, 0.125, 
0.343758, 0.0534376, 0.0530522, 0.123619, 0.0521043, 0.374028, 0.0, 0.0, 
0.544862, 0.0955105, 0.0591808, 0.0450668, 0.0289752, 0.20653, 0.0038216, 0.016053, 
0.125, 0.125, 0.125, 0.125, 0.125, 0.125, 0.125, 0.125, 
0.125, 0.125, 0.125, 0.125, 0.125, 0.125, 0.125, 0.125, 
0.058413, 0.34357, 0.0587019, 0.049384, 0.0947389, 0.227856, 0.0015855, 0.165751, 
0.125, 0.125, 0.125, 0.125, 0.125, 0.125, 0.125, 0.125, 
0.125, 0.125, 0.125, 0.125, 0.125, 0.125, 0.125, 0.125, 
0.125, 0.125, 0.125, 0.125, 0.125, 0.125, 0.125, 0.125, 
0.0567352, 0.0263255, 0.0251432, 0.0739378, 0.017772, 0.397107, 0.0324399, 0.370539, 
0.472513, 0.0015232, 0.064996, 0.150512, 0.0364231, 0.237949, 0.0109096, 0.0251748, 
0.125, 0.125, 0.125, 0.125, 0.125, 0.125, 0.125, 0.125, 
0.125, 0.125, 0.125, 0.125, 0.125, 0.125, 0.125, 0.125, 
0.359457, 0.0142551, 0.217718, 0.0128949, 0.205916, 0.0748121, 0.0200826, 0.0948647, 
0.125, 0.125, 0.125, 0.125, 0.125, 0.125, 0.125, 0.125, 
0.209683, 0.177684, 0.0780255, 0.0221302, 0.136245, 0.0261528, 0.341924, 0.0081562, 
0.125, 0.125, 0.125, 0.125, 0.125, 0.125, 0.125, 0.125, 
0.580226, 0.0306346, 0.0613011, 0.0297219, 0.167768, 0.0397268, 0.0150659, 0.075555, 
0.125, 0.125, 0.125, 0.125, 0.125, 0.125, 0.125, 0.125, 
0.709437, 0.0139648, 0.0178885, 0.0517565, 0.0065068, 0.0477735, 0.137837, 0.0148358, 
0.125, 0.125, 0.125, 0.125, 0.125, 0.125, 0.125, 0.125, 
0.125, 0.125, 0.125, 0.125, 0.125, 0.125, 0.125, 0.125, 
0.125, 0.125, 0.125, 0.125, 0.125, 0.125, 0.125, 0.125, 
0.742377, 0.0050159, 0.0910347, 0.0527084, 0.0294049, 0.0794595, 0.0, 0.0, 
0.125, 0.125, 0.125, 0.125, 0.125, 0.125, 0.125, 0.125, 
0.125, 0.125, 0.125, 0.125, 0.125, 0.125, 0.125, 0.125, 
0.875161, 0.0143532, 0.0229438, 0.0054938, 0.0624694, 0.0034717, 0.0161075, 0.0, 
0.214105, 0.104855, 0.0511865, 0.148092, 0.0389076, 0.0248445, 0.345632, 0.0723778, 
0.125, 0.125, 0.125, 0.125, 0.125, 0.125, 0.125, 0.125, 
0.125, 0.125, 0.125, 0.125, 0.125, 0.125, 0.125, 0.125, 
0.125, 0.125, 0.125, 0.125, 0.125, 0.125, 0.125, 0.125, 
0.125, 0.125, 0.125, 0.125, 0.125, 0.125, 0.125, 0.125, 
0.586395, 0.0178023, 0.0716966, 0.0715324, 0.0103159, 0.219829, 0.0023952, 0.0200331, 
0.125, 0.125, 0.125, 0.125, 0.125, 0.125, 0.125, 0.125, 
0.158169, 0.0927556, 0.0329338, 0.0308432, 0.006737, 0.189202, 0.017294, 0.472066, 
0.197699, 0.047519, 0.0723378, 0.0963095, 0.0339106, 0.0851501, 0.412644, 0.0544306, 
0.219008, 0.0079058, 0.0472392, 0.112742, 0.0480141, 0.0062101, 0.519551, 0.0393306, 
0.662221, 0.0135117, 0.0103658, 0.0471025, 0.0082586, 0.0073178, 0.193812, 0.0574109, 
0.125, 0.125, 0.125, 0.125, 0.125, 0.125, 0.125, 0.125, 
0.520477, 0.0262222, 0.0768301, 0.0075192, 0.0184276, 0.0666805, 0.266929, 0.0169152, 
0.231977, 0.486542, 0.113159, 0.0928848, 0.0521252, 0.0233121, 0.0, 0.0, 
0.669698, 0.044273, 0.0483956, 0.0451971, 0.0143157, 0.0475854, 0.017047, 0.113488, 
0.250319, 0.244405, 0.0390727, 0.0835801, 0.0499337, 0.10056, 0.158549, 0.0735809, 
0.125, 0.125, 0.125, 0.125, 0.125, 0.125, 0.125, 0.125, 
0.125, 0.125, 0.125, 0.125, 0.125, 0.125, 0.125, 0.125, 
0.125, 0.125, 0.125, 0.125, 0.125, 0.125, 0.125, 0.125, 
0.125, 0.125, 0.125, 0.125, 0.125, 0.125, 0.125, 0.125, 
0.71037, 0.0207224, 0.0300378, 0.0399446, 0.0303721, 0.0372321, 0.031394, 0.0999274, 
0.187769, 0.0502759, 0.193965, 0.247002, 0.141195, 0.0325654, 0.103037, 0.044192, 
0.954422, 0.0024796, 0.0153084, 0.0258698, 0.0019206, 0.0, 0.0, 0.0, 
0.125, 0.125, 0.125, 0.125, 0.125, 0.125, 0.125, 0.125, 
0.125, 0.125, 0.125, 0.125, 0.125, 0.125, 0.125, 0.125, 
0.125, 0.125, 0.125, 0.125, 0.125, 0.125, 0.125, 0.125, 
0.125, 0.125, 0.125, 0.125, 0.125, 0.125, 0.125, 0.125, 
0.125, 0.125, 0.125, 0.125, 0.125, 0.125, 0.125, 0.125, 
0.125, 0.125, 0.125, 0.125, 0.125, 0.125, 0.125, 0.125, 
0.960181, 0.0164916, 0.0185597, 0.0024929, 0.0022748, 0.0, 0.0, 0.0, 
0.125, 0.125, 0.125, 0.125, 0.125, 0.125, 0.125, 0.125, 
0.2, 0.2, 0.2, 0.2, 0.2, 0.0, 0.0, 0.0, 
0.125, 0.125, 0.125, 0.125, 0.125, 0.125, 0.125, 0.125, 
0.125, 0.125, 0.125, 0.125, 0.125, 0.125, 0.125, 0.125, 
0.165678, 0.147156, 0.0142763, 0.0473334, 0.0491954, 0.173243, 0.0855583, 0.31756, 
0.125, 0.125, 0.125, 0.125, 0.125, 0.125, 0.125, 0.125, 
0.0340993, 0.0212237, 0.299255, 0.103332, 0.147718, 0.0297445, 0.323852, 0.0407752, 
0.125, 0.125, 0.125, 0.125, 0.125, 0.125, 0.125, 0.125, 
0.32089, 0.0915429, 0.0645361, 0.0839154, 0.0557972, 0.327056, 0.0255301, 0.0307317, 
0.0371019, 0.211366, 0.0285951, 0.0931337, 0.0300875, 0.54267, 0.0221009, 0.034945, 
0.125, 0.125, 0.125, 0.125, 0.125, 0.125, 0.125, 0.125, 
0.125, 0.125, 0.125, 0.125, 0.125, 0.125, 0.125, 0.125, 
0.302913, 0.0170265, 0.132711, 0.0307311, 0.0464149, 0.0554152, 0.117827, 0.296962, 
0.133081, 0.0619449, 0.0019199, 0.153432, 0.0433655, 0.420176, 0.0995459, 0.0865343, 
0.125, 0.125, 0.125, 0.125, 0.125, 0.125, 0.125, 0.125, 
0.125, 0.125, 0.125, 0.125, 0.125, 0.125, 0.125, 0.125, 
0.125, 0.125, 0.125, 0.125, 0.125, 0.125, 0.125, 0.125, 
0.971295, 0.002425, 0.0119291, 0.0143505, 0.0, 0.0, 0.0, 0.0, 
0.125, 0.125, 0.125, 0.125, 0.125, 0.125, 0.125, 0.125, 
0.648637, 0.015021, 0.0145671, 0.017674, 0.0575885, 0.118387, 0.101018, 0.0271075, 
0.353846, 0.120016, 0.0217487, 0.0157001, 0.0453724, 0.327864, 0.0441773, 0.0712751, 
0.144655, 0.0452057, 0.247655, 0.0958912, 0.22403, 0.086606, 0.0630028, 0.0929548, 
0.276759, 0.0468761, 0.0163137, 0.118513, 0.125246, 0.109261, 0.129635, 0.177395, 
0.125, 0.125, 0.125, 0.125, 0.125, 0.125, 0.125, 0.125, 
0.125, 0.125, 0.125, 0.125, 0.125, 0.125, 0.125, 0.125, 
0.125, 0.125, 0.125, 0.125, 0.125, 0.125, 0.125, 0.125, 
0.125, 0.125, 0.125, 0.125, 0.125, 0.125, 0.125, 0.125, 
0.125, 0.125, 0.125, 0.125, 0.125, 0.125, 0.125, 0.125, 
0.125, 0.125, 0.125, 0.125, 0.125, 0.125, 0.125, 0.125, 
0.125, 0.125, 0.125, 0.125, 0.125, 0.125, 0.125, 0.125, 
0.125, 0.125, 0.125, 0.125, 0.125, 0.125, 0.125, 0.125, 
0.125, 0.125, 0.125, 0.125, 0.125, 0.125, 0.125, 0.125, 
0.125, 0.125, 0.125, 0.125, 0.125, 0.125, 0.125, 0.125, 
0.882506, 0.0139326, 0.0042125, 0.0020703, 0.0465381, 0.0044152, 0.0026938, 0.043631, 
0.0952735, 0.0234304, 0.250774, 0.0416385, 0.556341, 0.0325431, 0.0, 0.0, 
0.125, 0.125, 0.125, 0.125, 0.125, 0.125, 0.125, 0.125, 
0.130515, 0.0328179, 0.1175, 0.0338994, 0.54953, 0.0862384, 0.0179864, 0.0315136, 
0.300351, 0.0237968, 0.152115, 0.0226248, 0.0771531, 0.0139717, 0.382288, 0.0276993, 
0.652288, 0.0207556, 0.0248363, 0.157781, 0.011248, 0.0168811, 0.100223, 0.0159873, 
0.970683, 0.0032801, 0.0021359, 0.0021586, 0.0116095, 0.0067275, 0.0034054, 0.0, 
0.125, 0.125, 0.125, 0.125, 0.125, 0.125, 0.125, 0.125, 
0.136645, 0.297153, 0.0306861, 0.0692243, 0.0158693, 0.304086, 0.0226629, 0.123673, 
0.125, 0.125, 0.125, 0.125, 0.125, 0.125, 0.125, 0.125, 
0.125, 0.125, 0.125, 0.125, 0.125, 0.125, 0.125, 0.125, 
0.963445, 0.0030579, 0.0065851, 0.001397, 0.0175469, 0.0079685, 0.0, 0.0, 
0.965504, 0.0019642, 0.0061881, 0.0019918, 0.0142641, 0.005486, 0.0046015, 0.0, 
0.125, 0.125, 0.125, 0.125, 0.125, 0.125, 0.125, 0.125, 
0.125, 0.125, 0.125, 0.125, 0.125, 0.125, 0.125, 0.125, 
0.367351, 0.0030194, 0.0158029, 0.0704896, 0.183142, 0.0137517, 0.326318, 0.0201251, 
0.65207, 0.0466477, 0.0132246, 0.0178331, 0.138608, 0.0101146, 0.0996251, 0.0218764, 
0.604695, 0.0254937, 0.0205641, 0.0106595, 0.0792516, 0.174821, 0.0468552, 0.0376603, 
0.125, 0.125, 0.125, 0.125, 0.125, 0.125, 0.125, 0.125, 
0.125, 0.125, 0.125, 0.125, 0.125, 0.125, 0.125, 0.125, 
0.239993, 0.0254738, 0.0243512, 0.31272, 0.0239662, 0.165975, 0.0238231, 0.183697, 
0.125, 0.125, 0.125, 0.125, 0.125, 0.125, 0.125, 0.125, 
0.72254, 0.0083163, 0.109914, 0.0169748, 0.0566385, 0.0092987, 0.0697427, 0.0065751, 
0.125, 0.125, 0.125, 0.125, 0.125, 0.125, 0.125, 0.125, 
0.034754, 0.0629511, 0.0058422, 0.0929794, 0.0334121, 0.161588, 0.176258, 0.432215, 
0.125, 0.125, 0.125, 0.125, 0.125, 0.125, 0.125, 0.125, 
0.239886, 0.104106, 0.119784, 0.388216, 0.0381584, 0.109849, 0.0, 0.0, 
0.960167, 0.0026774, 0.0033438, 0.0143394, 0.0194722, 0.0, 0.0, 0.0, 
0.536229, 0.0207855, 0.0132901, 0.0232139, 0.0273937, 0.0986761, 0.147205, 0.133206, 
0.0338096, 0.243741, 0.141654, 0.138513, 0.368676, 0.0736063, 0.0, 0.0, 
0.883917, 0.0400268, 0.0129905, 0.0337475, 0.0257768, 0.0035415, 0.0, 0.0, 
0.51291, 0.0070897, 0.0150087, 0.0782105, 0.0290669, 0.184783, 0.1166, 0.0563318, 
0.125, 0.125, 0.125, 0.125, 0.125, 0.125, 0.125, 0.125, 
0.125, 0.125, 0.125, 0.125, 0.125, 0.125, 0.125, 0.125, 
0.267581, 0.0571838, 0.091565, 0.0213193, 0.081379, 0.0547262, 0.0073768, 0.418869, 
0.125, 0.125, 0.125, 0.125, 0.125, 0.125, 0.125, 0.125, 
0.231385, 0.244857, 0.350207, 0.071877, 0.0064612, 0.0156177, 0.0795955, 0.0, 
0.125, 0.125, 0.125, 0.125, 0.125, 0.125, 0.125, 0.125, 
0.869087, 0.010382, 0.0341112, 0.011284, 0.0164276, 0.0587084, 0.0, 0.0, 
0.125, 0.125, 0.125, 0.125, 0.125, 0.125, 0.125, 0.125, 
0.8767, 0.0309767, 0.0064829, 0.0205475, 0.0591117, 0.0061816, 0.0, 0.0, 
0.857546, 0.0192541, 0.0093085, 0.0356811, 0.0026689, 0.0387352, 0.0285498, 0.0082565, 
0.125, 0.125, 0.125, 0.125, 0.125, 0.125, 0.125, 0.125, 
0.950019, 0.0162452, 0.0188438, 0.007168, 0.0077243, 0.0, 0.0, 0.0, 
0.125, 0.125, 0.125, 0.125, 0.125, 0.125, 0.125, 0.125, 
0.125, 0.125, 0.125, 0.125, 0.125, 0.125, 0.125, 0.125, 
0.125, 0.125, 0.125, 0.125, 0.125, 0.125, 0.125, 0.125, 
0.673056, 0.0450308, 0.0479993, 0.040852, 0.0117211, 0.0475734, 0.133767, 0.0, 
0.139537, 0.152005, 0.341428, 0.0041504, 0.139384, 0.160814, 0.0626823, 0.0, 
0.125, 0.125, 0.125, 0.125, 0.125, 0.125, 0.125, 0.125, 
0.125, 0.125, 0.125, 0.125, 0.125, 0.125, 0.125, 0.125, 
0.964085, 0.0022996, 0.0017363, 0.0170639, 0.0016939, 0.013121, 0.0, 0.0, 
0.187383, 0.104929, 0.288426, 0.120017, 0.139429, 0.0677267, 0.0920891, 0.0, 
0.102733, 0.0229788, 0.100975, 0.340875, 0.0929071, 0.0155496, 0.323982, 0.0, 
0.676125, 0.0301975, 0.0200578, 0.0080502, 0.180896, 0.0233606, 0.061313, 0.0, 
0.125, 0.125, 0.125, 0.125, 0.125, 0.125, 0.125, 0.125, 
0.166667, 0.166667, 0.166667, 0.166667, 0.166667, 0.166667, 0.0, 0.0, 
0.125, 0.125, 0.125, 0.125, 0.125, 0.125, 0.125, 0.125, 
0.969936, 0.0025982, 0.0125336, 0.0149317, 0.0, 0.0, 0.0, 0.0, 
0.125, 0.125, 0.125, 0.125, 0.125, 0.125, 0.125, 0.125, 
0.125, 0.125, 0.125, 0.125, 0.125, 0.125, 0.125, 0.125, 
0.871837, 0.0115877, 0.0194727, 0.0190599, 0.01125, 0.0221653, 0.0446271, 0.0, 
0.107022, 0.423545, 0.0217767, 0.166243, 0.209216, 0.0346539, 0.0375434, 0.0, 
0.980168, 0.0042008, 0.0056425, 0.0032976, 0.0066909, 0.0, 0.0, 0.0, 
0.706015, 0.0416603, 0.0439493, 0.0655449, 0.0272747, 0.0753637, 0.0245628, 0.0156291, 
0.55642, 0.0925163, 0.0279576, 0.055384, 0.0088562, 0.0118774, 0.246989, 0.0, 
0.45632, 0.037832, 0.0064123, 0.0379405, 0.060355, 0.0121653, 0.352307, 0.0366679, 
0.963499, 0.0043302, 0.0102637, 0.021907, 0.0, 0.0, 0.0, 0.0, 
0.125, 0.125, 0.125, 0.125, 0.125, 0.125, 0.125, 0.125, 
0.23536, 0.162024, 0.0478516, 0.086984, 0.0375079, 0.106635, 0.232912, 0.0907258, 
0.966325, 0.0035239, 0.0132122, 0.0026562, 0.0142826, 0.0, 0.0, 0.0, 
0.166667, 0.166667, 0.166667, 0.166667, 0.166667, 0.166667, 0.0, 0.0, 
0.125, 0.125, 0.125, 0.125, 0.125, 0.125, 0.125, 0.125, 
0.119306, 0.0171428, 0.273048, 0.132661, 0.0914469, 0.302636, 0.0275002, 0.0362592, 
0.125, 0.125, 0.125, 0.125, 0.125, 0.125, 0.125, 0.125, 
0.125, 0.125, 0.125, 0.125, 0.125, 0.125, 0.125, 0.125, 
0.969524, 0.0027317, 0.011221, 0.0165233, 0.0, 0.0, 0.0, 0.0, 
0.125, 0.125, 0.125, 0.125, 0.125, 0.125, 0.125, 0.125, 
0.838322, 0.0167239, 0.0232923, 0.0084487, 0.0503924, 0.0128856, 0.0323531, 0.0175816, 
0.125, 0.125, 0.125, 0.125, 0.125, 0.125, 0.125, 0.125, 
0.333333, 0.333333, 0.333333, 0.0, 0.0, 0.0, 0.0, 0.0, 
0.95603, 0.0080208, 0.0179593, 0.0179903, 0.0, 0.0, 0.0, 0.0, 
0.25, 0.25, 0.25, 0.25, 0.0, 0.0, 0.0, 0.0, 
0.0076987, 0.128913, 0.0935342, 0.269997, 0.0505752, 0.339137, 0.101581, 0.0085635, 
0.125, 0.125, 0.125, 0.125, 0.125, 0.125, 0.125, 0.125, 
0.125, 0.125, 0.125, 0.125, 0.125, 0.125, 0.125, 0.125, 
0.63335, 0.0344687, 0.0283575, 0.0196666, 0.113054, 0.0083894, 0.137015, 0.0256995, 
0.125, 0.125, 0.125, 0.125, 0.125, 0.125, 0.125, 0.125, 
0.125, 0.125, 0.125, 0.125, 0.125, 0.125, 0.125, 0.125, 
0.542536, 0.0743188, 0.151072, 0.076453, 0.145674, 0.0099469, 0.0, 0.0, 
0.125, 0.125, 0.125, 0.125, 0.125, 0.125, 0.125, 0.125, 
0.125, 0.125, 0.125, 0.125, 0.125, 0.125, 0.125, 0.125, 
0.234684, 0.210271, 0.0951055, 0.0729515, 0.285537, 0.0853784, 0.0160721, 0.0, 
0.125, 0.125, 0.125, 0.125, 0.125, 0.125, 0.125, 0.125, 
0.218746, 0.0678792, 0.130446, 0.0783789, 0.0160121, 0.0113365, 0.462241, 0.0149602, 
0.217704, 0.0819311, 0.17065, 0.0427937, 0.0324889, 0.426814, 0.0200695, 0.0075482, 
0.125, 0.125, 0.125, 0.125, 0.125, 0.125, 0.125, 0.125, 
0.650784, 0.0370275, 0.0159772, 0.0816892, 0.100206, 0.0377934, 0.0093269, 0.0671962, 
0.916787, 0.0095505, 0.0057111, 0.017025, 0.011224, 0.0087687, 0.0309339, 0.0, 
0.125, 0.125, 0.125, 0.125, 0.125, 0.125, 0.125, 0.125, 
0.125, 0.125, 0.125, 0.125, 0.125, 0.125, 0.125, 0.125, 
0.125, 0.125, 0.125, 0.125, 0.125, 0.125, 0.125, 0.125, 
0.125, 0.125, 0.125, 0.125, 0.125, 0.125, 0.125, 0.125, 
0.125, 0.125, 0.125, 0.125, 0.125, 0.125, 0.125, 0.125, 
0.125, 0.125, 0.125, 0.125, 0.125, 0.125, 0.125, 0.125, 
0.668576, 0.0167006, 0.0067308, 0.0071333, 0.0229073, 0.0569492, 0.0552722, 0.165731, 
0.5, 0.5, 0.0, 0.0, 0.0, 0.0, 0.0, 0.0, 
0.0560632, 0.0251526, 0.109279, 0.180951, 0.0337657, 0.312362, 0.132149, 0.150276, 
0.125, 0.125, 0.125, 0.125, 0.125, 0.125, 0.125, 0.125, 
0.584926, 0.22987, 0.185204, 0.0, 0.0, 0.0, 0.0, 0.0, 
0.125, 0.125, 0.125, 0.125, 0.125, 0.125, 0.125, 0.125, 
0.280892, 0.127573, 0.0573641, 0.192006, 0.0283012, 0.0236059, 0.267705, 0.0225527, 
0.125, 0.125, 0.125, 0.125, 0.125, 0.125, 0.125, 0.125, 
0.978853, 0.006871, 0.008775, 0.0055014, 0.0, 0.0, 0.0, 0.0, 
0.0783751, 0.0312233, 0.198811, 0.165405, 0.1267, 0.0366623, 0.31561, 0.0472123, 
0.95806, 0.0033418, 0.002714, 0.01804, 0.0032097, 0.0146341, 0.0, 0.0, 
0.0976508, 0.0160921, 0.0397823, 0.0801104, 0.525809, 0.156743, 0.0838127, 0.0, 
0.125, 0.125, 0.125, 0.125, 0.125, 0.125, 0.125, 0.125, 
0.0798835, 0.0281534, 0.0421435, 0.041169, 0.0175549, 0.19514, 0.424554, 0.171402, 
0.133839, 0.133481, 0.0383009, 0.0955122, 0.0563706, 0.477146, 0.0121695, 0.05318, 
0.160533, 0.421647, 0.41782, 0.0, 0.0, 0.0, 0.0, 0.0, 
0.125, 0.125, 0.125, 0.125, 0.125, 0.125, 0.125, 0.125, 
0.928658, 0.0018609, 0.0011546, 0.0081196, 0.0151759, 0.0450312, 0.0, 0.0, 
0.65816, 0.0098828, 0.0026958, 0.0313652, 0.0103163, 0.053385, 0.222385, 0.0118106, 
0.739063, 0.0623103, 0.152775, 0.0111167, 0.0057693, 0.0289656, 0.0, 0.0, 
0.821524, 0.0211838, 0.0135145, 0.143778, 0.0, 0.0, 0.0, 0.0, 
0.039569, 0.343175, 0.0951064, 0.179291, 0.109358, 0.0172217, 0.21628, 0.0, 
0.722026, 0.018246, 0.0035771, 0.136639, 0.0010167, 0.0196489, 0.077626, 0.0212203, 
0.25, 0.25, 0.25, 0.25, 0.0, 0.0, 0.0, 0.0, 
0.637801, 0.0045878, 0.0297504, 0.029843, 0.0379572, 0.0807995, 0.014688, 0.164574, 
0.967928, 0.0025768, 0.0036293, 0.0122886, 0.0031794, 0.0103979, 0.0, 0.0, 
0.125, 0.125, 0.125, 0.125, 0.125, 0.125, 0.125, 0.125, 
0.719019, 0.0407908, 0.0169788, 0.0422653, 0.0099808, 0.0073949, 0.0365044, 0.127066, 
0.2, 0.2, 0.2, 0.2, 0.2, 0.0, 0.0, 0.0, 
0.774252, 0.0045495, 0.0134833, 0.0085319, 0.0843859, 0.0992463, 0.0155515, 0.0, 
0.125, 0.125, 0.125, 0.125, 0.125, 0.125, 0.125, 0.125, 
0.0887175, 0.0179205, 0.256062, 0.266872, 0.0072685, 0.16187, 0.0209155, 0.180375, 
0.959817, 0.0034854, 0.0156681, 0.0210297, 0.0, 0.0, 0.0, 0.0, 
0.125, 0.125, 0.125, 0.125, 0.125, 0.125, 0.125, 0.125, 
0.125, 0.125, 0.125, 0.125, 0.125, 0.125, 0.125, 0.125, 
0.125, 0.125, 0.125, 0.125, 0.125, 0.125, 0.125, 0.125, 
0.125, 0.125, 0.125, 0.125, 0.125, 0.125, 0.125, 0.125, 
0.125, 0.125, 0.125, 0.125, 0.125, 0.125, 0.125, 0.125, 
0.73919, 0.0415815, 0.0263612, 0.0196887, 0.0197176, 0.1372, 0.0054432, 0.0108177, 
0.125, 0.125, 0.125, 0.125, 0.125, 0.125, 0.125, 0.125, 
0.125, 0.125, 0.125, 0.125, 0.125, 0.125, 0.125, 0.125, 
0.125, 0.125, 0.125, 0.125, 0.125, 0.125, 0.125, 0.125, 
0.947893, 0.0054465, 0.0050412, 0.0062419, 0.0030717, 0.0192363, 0.0130698, 0.0, 
0.690332, 0.0508829, 0.0253586, 0.0405514, 0.0138258, 0.119101, 0.0599484, 0.0, 
0.125, 0.125, 0.125, 0.125, 0.125, 0.125, 0.125, 0.125, 
0.244478, 0.208031, 0.0815639, 0.0381916, 0.0523553, 0.0204534, 0.299898, 0.0550295, 
0.125, 0.125, 0.125, 0.125, 0.125, 0.125, 0.125, 0.125, 
0.125, 0.125, 0.125, 0.125, 0.125, 0.125, 0.125, 0.125, 
0.0354257, 0.26913, 0.0447881, 0.271181, 0.01249, 0.211275, 0.15571, 0.0, 
0.125, 0.125, 0.125, 0.125, 0.125, 0.125, 0.125, 0.125, 
0.96562, 0.0018883, 0.015863, 0.0024159, 0.014213, 0.0, 0.0, 0.0, 
0.954091, 0.0162834, 0.0202566, 0.0071905, 0.0021783, 0.0, 0.0, 0.0, 
0.125, 0.125, 0.125, 0.125, 0.125, 0.125, 0.125, 0.125, 
0.89585, 0.0057522, 0.0044942, 0.0115004, 0.0137205, 0.0041773, 0.036038, 0.0284673, 
0.932178, 0.0050799, 0.0036672, 0.0052233, 0.0538514, 0.0, 0.0, 0.0, 
0.125, 0.125, 0.125, 0.125, 0.125, 0.125, 0.125, 0.125, 
0.125, 0.125, 0.125, 0.125, 0.125, 0.125, 0.125, 0.125, 
0.0635805, 0.151867, 0.252826, 0.0305448, 0.0523214, 0.140996, 0.241934, 0.0659291, 
0.970169, 0.002633, 0.0120002, 0.015198, 0.0, 0.0, 0.0, 0.0, 
0.125, 0.125, 0.125, 0.125, 0.125, 0.125, 0.125, 0.125, 
0.125, 0.125, 0.125, 0.125, 0.125, 0.125, 0.125, 0.125, 
0.274881, 0.0860257, 0.0207787, 0.0042094, 0.025167, 0.498953, 0.0576537, 0.032331, 
0.125, 0.125, 0.125, 0.125, 0.125, 0.125, 0.125, 0.125, 
0.123307, 0.0969678, 0.020175, 0.221248, 0.0272148, 0.061153, 0.35073, 0.0992045, 
0.973145, 0.0017993, 0.0021904, 0.0083379, 0.001164, 0.0133635, 0.0, 0.0, 
0.932254, 0.0050359, 0.013826, 0.0427678, 0.0061164, 0.0, 0.0, 0.0, 
0.2, 0.2, 0.2, 0.2, 0.2, 0.0, 0.0, 0.0, 
0.964076, 0.0024992, 0.0019043, 0.0106601, 0.0036717, 0.0107582, 0.0064303, 0.0, 
0.847522, 0.0245376, 0.0199349, 0.0220369, 0.0101416, 0.0758272, 0.0, 0.0, 
0.0955033, 0.0245719, 0.426175, 0.050202, 0.0671321, 0.294777, 0.0212953, 0.0203432, 
0.956066, 0.0050527, 0.0040736, 0.0141691, 0.0023618, 0.0182767, 0.0, 0.0, 
0.964749, 0.0030963, 0.0027901, 0.0146533, 0.0037794, 0.0109324, 0.0, 0.0, 
0.125, 0.125, 0.125, 0.125, 0.125, 0.125, 0.125, 0.125, 
0.803872, 0.0103376, 0.0373687, 0.0585096, 0.0180058, 0.0497751, 0.0221307, 0.0, 
0.228773, 0.0680685, 0.0942551, 0.227616, 0.0722729, 0.142431, 0.166584, 0.0, 
0.125, 0.125, 0.125, 0.125, 0.125, 0.125, 0.125, 0.125, 
0.25, 0.25, 0.25, 0.25, 0.0, 0.0, 0.0, 0.0, 
0.480703, 0.0079957, 0.0367782, 0.103127, 0.0110054, 0.195897, 0.133339, 0.031154, 
0.125, 0.125, 0.125, 0.125, 0.125, 0.125, 0.125, 0.125, 
0.747378, 0.0133403, 0.0104466, 0.0134291, 0.0191313, 0.0139438, 0.125193, 0.0571379, 
0.970915, 0.0031295, 0.0109559, 0.0012982, 0.0137017, 0.0, 0.0, 0.0, 
0.199474, 0.239581, 0.151219, 0.168372, 0.0374779, 0.0564072, 0.147469, 0.0, 
0.972331, 0.0010557, 0.0089577, 0.01097, 0.0012955, 0.0053904, 0.0, 0.0, 
0.125, 0.125, 0.125, 0.125, 0.125, 0.125, 0.125, 0.125, 
0.365022, 0.157774, 0.0180722, 0.226218, 0.0397421, 0.193171, 0.0, 0.0, 
0.125, 0.125, 0.125, 0.125, 0.125, 0.125, 0.125, 0.125, 
0.2, 0.2, 0.2, 0.2, 0.2, 0.0, 0.0, 0.0, 
0.858808, 0.0264498, 0.0150995, 0.0012279, 0.0984143, 0.0, 0.0, 0.0, 
0.0925503, 0.229743, 0.0249381, 0.321328, 0.112347, 0.0930807, 0.126013, 0.0, 
0.555715, 0.0080331, 0.118638, 0.0365166, 0.0720722, 0.0155866, 0.013008, 0.180431, 
0.955596, 0.0020745, 0.0019461, 0.0198008, 0.0017157, 0.0188669, 0.0, 0.0, 
0.17564, 0.029007, 0.26599, 0.193507, 0.0379469, 0.0718552, 0.184761, 0.0412928, 
0.25129, 0.0385453, 0.165805, 0.0243786, 0.0721877, 0.0486528, 0.358496, 0.0406448, 
0.125, 0.125, 0.125, 0.125, 0.125, 0.125, 0.125, 0.125, 
0.977146, 0.0017798, 0.0100719, 0.0110027, 0.0, 0.0, 0.0, 0.0, 
0.125, 0.125, 0.125, 0.125, 0.125, 0.125, 0.125, 0.125, 
0.125, 0.125, 0.125, 0.125, 0.125, 0.125, 0.125, 0.125, 
0.958543, 0.0204254, 0.0210315, 0.0, 0.0, 0.0, 0.0, 0.0, 
0.0542522, 0.0164681, 0.288886, 0.342584, 0.145914, 0.13595, 0.0159469, 0.0, 
0.104663, 0.072646, 0.348453, 0.239084, 0.0501162, 0.112257, 0.0272244, 0.0455561, 
0.144839, 0.482857, 0.137822, 0.0088346, 0.135449, 0.0376085, 0.0213284, 0.0312609, 
0.313837, 0.0360388, 0.196078, 0.18257, 0.0353375, 0.0513489, 0.149981, 0.0348089, 
0.166667, 0.166667, 0.166667, 0.166667, 0.166667, 0.166667, 0.0, 0.0, 
0.876195, 0.0099774, 0.0219304, 0.0090394, 0.0041591, 0.0786991, 0.0, 0.0, 
0.313165, 0.113202, 0.0899837, 0.321113, 0.153861, 0.0086745, 0.0, 0.0, 
0.125, 0.125, 0.125, 0.125, 0.125, 0.125, 0.125, 0.125, 
0.125, 0.125, 0.125, 0.125, 0.125, 0.125, 0.125, 0.125, 
0.0149835, 0.470073, 0.262383, 0.0324013, 0.0132593, 0.13219, 0.0111937, 0.063516, 
0.211505, 0.064585, 0.0075428, 0.311093, 0.0708233, 0.0266783, 0.286699, 0.021073, 
0.125, 0.125, 0.125, 0.125, 0.125, 0.125, 0.125, 0.125, 
0.571245, 0.0663472, 0.0786245, 0.0878857, 0.143132, 0.0527652, 0.0, 0.0, 
0.15681, 0.0450909, 0.0593059, 0.240474, 0.116517, 0.381802, 0.0, 0.0, 
0.25, 0.25, 0.25, 0.25, 0.0, 0.0, 0.0, 0.0, 
0.125, 0.125, 0.125, 0.125, 0.125, 0.125, 0.125, 0.125, 
0.959443, 0.005422, 0.0072244, 0.0019094, 0.0229349, 0.0030665, 0.0, 0.0, 
0.173101, 0.279433, 0.0496466, 0.0855113, 0.0140413, 0.398267, 0.0, 0.0, 
0.252719, 0.107906, 0.383611, 0.248415, 0.0073494, 0.0, 0.0, 0.0, 
0.955638, 0.0017696, 0.0016398, 0.0184656, 0.0018522, 0.0206348, 0.0, 0.0, 
0.125, 0.125, 0.125, 0.125, 0.125, 0.125, 0.125, 0.125, 
0.125, 0.125, 0.125, 0.125, 0.125, 0.125, 0.125, 0.125, 
0.125, 0.125, 0.125, 0.125, 0.125, 0.125, 0.125, 0.125, 
0.943572, 0.0094049, 0.0110188, 0.0281662, 0.0078385, 0.0, 0.0, 0.0, 
0.883607, 0.0172921, 0.0124892, 0.0240918, 0.0625196, 0.0, 0.0, 0.0, 
0.125, 0.125, 0.125, 0.125, 0.125, 0.125, 0.125, 0.125, 
0.154134, 0.57201, 0.0349416, 0.0119192, 0.0627359, 0.0107084, 0.115633, 0.0379189, 
0.961868, 0.0028954, 0.0019084, 0.0142126, 0.0025819, 0.0165339, 0.0, 0.0, 
0.233063, 0.324987, 0.197876, 0.244074, 0.0, 0.0, 0.0, 0.0, 
0.961441, 0.0020814, 0.0017199, 0.0161381, 0.0023753, 0.0162439, 0.0, 0.0, 
0.961094, 0.0029315, 0.0026186, 0.0134591, 0.002095, 0.0160658, 0.0017365, 0.0, 
0.194279, 0.0739436, 0.175688, 0.0851116, 0.0526318, 0.0756451, 0.26542, 0.0772807, 
0.125, 0.125, 0.125, 0.125, 0.125, 0.125, 0.125, 0.125, 
0.292338, 0.332186, 0.375476, 0.0, 0.0, 0.0, 0.0, 0.0, 
0.0787253, 0.0612297, 0.292871, 0.35483, 0.0976518, 0.0160041, 0.0332684, 0.0654194, 
0.97072, 0.0023695, 0.0093093, 0.0160369, 0.0015646, 0.0, 0.0, 0.0, 
0.848579, 0.0140031, 0.0106576, 0.0211451, 0.0035551, 0.0648326, 0.0241323, 0.0130956, 
0.0239241, 0.449365, 0.454509, 0.0595463, 0.0126558, 0.0, 0.0, 0.0, 
0.28508, 0.0481895, 0.166191, 0.140675, 0.060362, 0.0752496, 0.203935, 0.0203175, 
0.928996, 0.0065254, 0.0093628, 0.0239276, 0.0021448, 0.0290438, 0.0, 0.0, 
0.0610001, 0.532751, 0.0772693, 0.0146394, 0.0429453, 0.187699, 0.0550339, 0.0286625, 
0.669831, 0.0034592, 0.0453623, 0.0739849, 0.0090751, 0.0480785, 0.150209, 0.0, 
0.125, 0.125, 0.125, 0.125, 0.125, 0.125, 0.125, 0.125, 
0.130162, 0.588899, 0.0650418, 0.0106424, 0.0319926, 0.0020507, 0.147325, 0.0238863, 
0.115426, 0.450713, 0.16515, 0.0559315, 0.190419, 0.0223606, 0.0, 0.0, 
0.141268, 0.117415, 0.0173507, 0.427387, 0.182847, 0.0193956, 0.0599585, 0.0343792, 
0.2, 0.2, 0.2, 0.2, 0.2, 0.0, 0.0, 0.0, 
0.125, 0.125, 0.125, 0.125, 0.125, 0.125, 0.125, 0.125, 
0.820639, 0.0446847, 0.0971567, 0.0375195, 0.0, 0.0, 0.0, 0.0, 
0.69943, 0.0505892, 0.0506052, 0.0039085, 0.0439323, 0.120738, 0.0307966, 0.0, 
0.963424, 0.0017381, 0.0014037, 0.0130673, 0.0016088, 0.0167963, 0.0019618, 0.0, 
0.125, 0.125, 0.125, 0.125, 0.125, 0.125, 0.125, 0.125, 
0.25, 0.25, 0.25, 0.25, 0.0, 0.0, 0.0, 0.0, 
0.125, 0.125, 0.125, 0.125, 0.125, 0.125, 0.125, 0.125, 
0.363349, 0.0191439, 0.114211, 0.16143, 0.0267719, 0.100134, 0.111315, 0.103646, 
0.88406, 0.0204463, 0.0340697, 0.0118399, 0.0495842, 0.0, 0.0, 0.0, 
0.958031, 0.0022899, 0.001586, 0.0195802, 0.0016678, 0.0168448, 0.0, 0.0, 
0.2, 0.2, 0.2, 0.2, 0.2, 0.0, 0.0, 0.0, 
0.0904506, 0.373155, 0.057161, 0.0946236, 0.21656, 0.110469, 0.0225581, 0.0350219, 
0.817167, 0.0386695, 0.013406, 0.0993609, 0.0313969, 0.0, 0.0, 0.0, 
0.973261, 0.0014981, 0.0097695, 0.0010779, 0.0115398, 0.002854, 0.0, 0.0, 
0.124747, 0.122889, 0.314226, 0.231588, 0.0201346, 0.0266415, 0.118885, 0.0408892, 
0.125, 0.125, 0.125, 0.125, 0.125, 0.125, 0.125, 0.125, 
0.923523, 0.0046456, 0.0224647, 0.0071343, 0.0173543, 0.0212406, 0.0036375, 0.0, 
0.987846, 0.0084548, 0.0036995, 0.0, 0.0, 0.0, 0.0, 0.0, 
0.773379, 0.0381572, 0.0205789, 0.0368424, 0.0766514, 0.0096708, 0.04472, 0.0, 
0.0729847, 0.390653, 0.0298418, 0.214608, 0.144595, 0.0668362, 0.0497753, 0.030706, 
0.125, 0.125, 0.125, 0.125, 0.125, 0.125, 0.125, 0.125, 
0.0556027, 0.040412, 0.581615, 0.0485238, 0.0166838, 0.177747, 0.0282709, 0.0511452, 
0.107217, 0.500399, 0.0616833, 0.075169, 0.0168962, 0.113946, 0.0138439, 0.110845, 
0.968855, 0.0012411, 0.0012847, 0.0113711, 0.0010073, 0.0127203, 0.0016647, 0.0018561, 
0.109096, 0.0012252, 0.519799, 0.0489832, 0.0135266, 0.2266, 0.0306872, 0.050082, 
0.803442, 0.0147465, 0.030885, 0.131118, 0.0198082, 0.0, 0.0, 0.0, 
0.0425333, 0.199466, 0.331626, 0.0086833, 0.101029, 0.20026, 0.0794309, 0.0369717, 
0.973076, 0.0113027, 0.0156214, 0.0, 0.0, 0.0, 0.0, 0.0, 
0.25, 0.25, 0.25, 0.25, 0.0, 0.0, 0.0, 0.0, 
0.206184, 0.0618688, 0.171627, 0.115089, 0.0768564, 0.0817762, 0.0390313, 0.247568, 
0.125, 0.125, 0.125, 0.125, 0.125, 0.125, 0.125, 0.125, 
0.104347, 0.0697689, 0.58557, 0.0927145, 0.1476, 0.0, 0.0, 0.0, 
0.049704, 0.0081416, 0.0222133, 0.684347, 0.0260002, 0.060751, 0.139361, 0.0094814, 
0.794257, 0.0125314, 0.0309362, 0.128614, 0.0148222, 0.0188384, 0.0, 0.0, 
0.937816, 0.0055957, 0.0124662, 0.0153057, 0.028816, 0.0, 0.0, 0.0, 
0.960837, 0.0025233, 0.0030124, 0.0143761, 0.0023463, 0.0169049, 0.0, 0.0, 
0.949795, 0.0237452, 0.0168401, 0.0096196, 0.0, 0.0, 0.0, 0.0, 
0.955736, 0.020448, 0.0037069, 0.0201095, 0.0, 0.0, 0.0, 0.0, 
0.169018, 0.065044, 0.130728, 0.290882, 0.0238625, 0.0460253, 0.20334, 0.0711002, 
0.308642, 0.420637, 0.270721, 0.0, 0.0, 0.0, 0.0, 0.0, 
0.353397, 0.0179145, 0.104211, 0.0320999, 0.186505, 0.0348805, 0.270992, 0.0, 
0.125, 0.125, 0.125, 0.125, 0.125, 0.125, 0.125, 0.125, 
0.947496, 0.0508571, 0.0016465, 0.0, 0.0, 0.0, 0.0, 0.0, 
0.20863, 0.0301708, 0.269696, 0.0136364, 0.161439, 0.263437, 0.0529913, 0.0, 
0.106146, 0.0089729, 0.538579, 0.050729, 0.0522093, 0.200821, 0.0305723, 0.0119708, 
0.164826, 0.0150651, 0.497847, 0.0759933, 0.0381591, 0.0805887, 0.0576656, 0.0698558, 
0.0916546, 0.111576, 0.305324, 0.0343436, 0.126556, 0.266836, 0.0637103, 0.0, 
0.96032, 0.0020054, 0.0018264, 0.0159841, 0.001396, 0.0169013, 0.0015671, 0.0, 
0.958257, 0.0023355, 0.0018592, 0.0181469, 0.0022174, 0.0171838, 0.0, 0.0, 
0.885799, 0.035194, 0.0200109, 0.0254558, 0.0104757, 0.0230642, 0.0, 0.0, 
0.359341, 0.0341742, 0.178361, 0.183067, 0.08007, 0.0458449, 0.0777948, 0.0413467, 
0.12312, 0.12969, 0.0264809, 0.386233, 0.0326389, 0.133194, 0.124359, 0.0442838, 
0.974164, 0.001655, 0.0063067, 0.011353, 0.006521, 0.0, 0.0, 0.0, 
0.833985, 0.0190314, 0.0163604, 0.0484114, 0.0046416, 0.0775702, 0.0, 0.0, 
0.963777, 0.001117, 0.0012646, 0.0130832, 0.0013684, 0.0153464, 0.0026366, 0.0014067, 
0.108607, 0.0410348, 0.541377, 0.0501456, 0.0379205, 0.149602, 0.0184255, 0.0528876, 
0.236557, 0.0562301, 0.0176089, 0.447912, 0.0345042, 0.0353947, 0.171794, 0.0, 
0.314576, 0.0841735, 0.0735593, 0.274659, 0.0104729, 0.026115, 0.137143, 0.0793013, 
0.24268, 0.0433335, 0.176766, 0.0207179, 0.0185044, 0.0895713, 0.36354, 0.0448863, 
0.275376, 0.0281347, 0.009311, 0.223604, 0.112181, 0.351393, 0.0, 0.0, 
0.671401, 0.0170587, 0.046098, 0.0879834, 0.0170938, 0.160365, 0.0, 0.0, 
0.973393, 0.0121105, 0.0117786, 0.0027176, 0.0, 0.0, 0.0, 0.0, 
0.226525, 0.11687, 0.300747, 0.0510579, 0.0453289, 0.198261, 0.0612105, 0.0, 
0.96552, 0.0019104, 0.0018606, 0.0144788, 0.0014091, 0.0148215, 0.0, 0.0, 
0.965143, 0.0012519, 0.0020053, 0.0130637, 0.0013982, 0.0171384, 0.0, 0.0, 
